{"stats":{"minecraft:crafted":{"minecraft:oak_planks":72,"minecraft:jukebox":1,"minecraft:cooked_chicken":4,"minecraft:furnace":5,"minecraft:bone_meal":45,"minecraft:diamond_shovel":1,"minecraft:flint_and_steel":1,"minecraft:cooked_mutton":3,"minecraft:iron_hoe":1,"minecraft:stone_pickaxe":2,"minecraft:chest":2,"minecraft:spruce_boat":2,"minecraft:cooked_beef":29,"minecraft:cooked_porkchop":16,"minecraft:diamond_axe":1,"minecraft:crafting_table":4,"minecraft:enchanting_table":1,"minecraft:spruce_planks":284,"minecraft:wooden_pickaxe":1,"minecraft:gold_block":3,"minecraft:bucket":1,"minecraft:stone_axe":1,"minecraft:bread":17,"minecraft:air":0,"minecraft:light_gray_bed":1,"minecraft:white_wool":1,"minecraft:book":1,"minecraft:paper":15,"minecraft:diamond_pickaxe":1,"minecraft:shield":1,"minecraft:stick":12,"minecraft:iron_ingot":11,"minecraft:iron_pickaxe":1,"minecraft:stone_sword":1,"minecraft:white_bed":6,"minecraft:shears":1},"minecraft:picked_up":{"minecraft:spruce_leaves":2,"minecraft:iron_chestplate":1,"minecraft:crafting_table":6,"minecraft:chicken":4,"minecraft:brown_mushroom":1,"minecraft:oak_stairs":1,"minecraft:gold_block":2,"minecraft:shield":1,"minecraft:music_disc_cat":3,"minecraft:string":66,"minecraft:iron_axe":1,"minecraft:large_fern":1,"minecraft:iron_leggings":1,"minecraft:armor_stand":5,"minecraft:gold_nugget":10,"minecraft:cobbled_deepslate":72,"minecraft:spruce_planks":38,"minecraft:beef":37,"minecraft:light_gray_wool":3,"minecraft:iron_nugget":9,"minecraft:poppy":1,"minecraft:iron_pickaxe":1,"minecraft:sugar_cane":42,"minecraft:chest":10,"minecraft:egg":2,"minecraft:iron_boots":1,"minecraft:furnace":28,"minecraft:stick":214,"minecraft:raw_iron":82,"minecraft:jukebox":2,"minecraft:composter":1,"minecraft:torch":12,"minecraft:porkchop":26,"minecraft:pointed_dripstone":7,"minecraft:diorite":12,"minecraft:redstone":4,"minecraft:cauldron":3,"minecraft:stone_sword":3,"minecraft:arrow":10,"minecraft:rotten_flesh":33,"minecraft:saddle":1,"minecraft:gold_ingot":78,"minecraft:snowball":1,"minecraft:mutton":19,"minecraft:obsidian":13,"minecraft:white_wool":22,"minecraft:cobblestone":205,"minecraft:enchanting_table":2,"minecraft:leather_chestplate":1,"minecraft:feather":5,"minecraft:cooked_beef":71,"minecraft:glow_ink_sac":10,"minecraft:water_bucket":1,"minecraft:leather":48,"minecraft:fern":1,"minecraft:potato":57,"minecraft:flint":1,"minecraft:oak_log":25,"minecraft:cobblestone_wall":7,"minecraft:yellow_bed":2,"minecraft:gunpowder":19,"minecraft:cobblestone_stairs":8,"minecraft:lapis_lazuli":68,"minecraft:blue_bed":4,"minecraft:dirt":299,"minecraft:paper":12,"minecraft:name_tag":1,"minecraft:cooked_mutton":5,"minecraft:bone":34,"minecraft:wheat_seeds":6,"minecraft:raw_gold":15,"minecraft:bell":6,"minecraft:iron_ingot":119,"minecraft:stone_pickaxe":2,"minecraft:stone_hoe":1,"minecraft:oak_planks":13,"minecraft:oak_slab":5,"minecraft:cooked_porkchop":28,"minecraft:sweet_berries":13,"minecraft:gravel":3,"minecraft:quartz":24,"minecraft:poisonous_potato":1,"minecraft:dripstone_block":1,"minecraft:sand":4,"minecraft:ink_sac":1,"minecraft:spruce_sapling":134,"minecraft:blast_furnace":3,"minecraft:white_bed":3,"minecraft:spruce_log":231,"minecraft:pumpkin_seeds":7,"minecraft:purple_bed":4,"minecraft:spruce_boat":4,"minecraft:diamond":55,"minecraft:stone_axe":2,"minecraft:iron_helmet":1,"minecraft:golden_apple":1,"minecraft:gray_wool":4,"minecraft:spruce_sign":3,"minecraft:bread":14,"minecraft:oak_sapling":4,"minecraft:netherrack":6,"minecraft:coal":372},"minecraft:killed":{"minecraft:spider":2,"minecraft:skeleton":4,"minecraft:chicken":4,"minecraft:drowned":1,"minecraft:pig":8,"minecraft:sheep":12,"minecraft:zombie":6,"minecraft:cow":20,"minecraft:enderman":1},"minecraft:mined":{"minecraft:spruce_planks":38,"minecraft:white_bed":3,"minecraft:deepslate_diamond_ore":32,"minecraft:cobblestone_stairs":8,"minecraft:obsidian":13,"minecraft:grass_block":34,"minecraft:spruce_leaves":25,"minecraft:composter":1,"minecraft:large_fern":3,"minecraft:spruce_sapling":4,"minecraft:furnace":20,"minecraft:cobbled_deepslate":22,"minecraft:iron_ore":48,"minecraft:fire":2,"minecraft:snow":1,"minecraft:deepslate_lapis_ore":1,"minecraft:gold_block":2,"minecraft:enchanting_table":2,"minecraft:bell":6,"minecraft:potatoes":23,"minecraft:pointed_dripstone":2,"minecraft:deepslate_iron_ore":12,"minecraft:water_cauldron":2,"minecraft:oak_stairs":1,"minecraft:stone":83,"minecraft:spruce_door":1,"minecraft:crafting_table":6,"minecraft:short_grass":20,"minecraft:blast_furnace":3,"minecraft:poppy":1,"minecraft:chest":10,"minecraft:cobblestone":6,"minecraft:deepslate_gold_ore":15,"minecraft:sugar_cane":18,"minecraft:spruce_sign":2,"minecraft:diorite":11,"minecraft:blue_bed":4,"minecraft:cauldron":1,"minecraft:seagrass":2,"minecraft:purple_bed":4,"minecraft:cobblestone_wall":8,"minecraft:sweet_berry_bush":4,"minecraft:jukebox":2,"minecraft:spruce_log":182,"minecraft:birch_leaves":1,"minecraft:yellow_bed":2,"minecraft:coal_ore":53,"minecraft:oak_log":23,"minecraft:gravel":6,"minecraft:sand":4,"minecraft:dripstone_block":2,"minecraft:dirt":126,"minecraft:netherrack":1,"minecraft:oak_leaves":4,"minecraft:deepslate":34,"minecraft:fern":5},"minecraft:dropped":{"minecraft:stone_hoe":1,"minecraft:water_bucket":1,"minecraft:bread":31,"minecraft:iron_ingot":31,"minecraft:oak_slab":5,"minecraft:brown_mushroom":1,"minecraft:wheat_seeds":6,"minecraft:oak_log":7,"minecraft:glow_ink_sac":10,"minecraft:crafting_table":1,"minecraft:dripstone_block":1,"minecraft:poisonous_potato":1,"minecraft:feather":5,"minecraft:iron_helmet":1,"minecraft:cobblestone":10,"minecraft:leather":3,"minecraft:leather_helmet":1,"minecraft:coal":216,"minecraft:golden_apple":1,"minecraft:stick":72,"minecraft:cobblestone_stairs":8,"minecraft:spruce_leaves":2,"minecraft:dirt":22,"minecraft:gray_wool":4,"minecraft:diorite":5,"minecraft:ink_sac":1,"minecraft:torch":11,"minecraft:mutton":2,"minecraft:iron_leggings":1,"minecraft:oak_stairs":1,"minecraft:gold_nugget":10,"minecraft:sand":4,"minecraft:iron_axe":1,"minecraft:iron_pickaxe":1,"minecraft:string":4,"minecraft:white_wool":3,"minecraft:bone":15,"minecraft:armor_stand":6,"minecraft:redstone":8,"minecraft:stone_axe":2,"minecraft:sugar_cane":8,"minecraft:stone_sword":3,"minecraft:cobblestone_wall":7,"minecraft:cobbled_deepslate":1,"minecraft:rotten_flesh":33,"minecraft:iron_boots":1,"minecraft:flint_and_steel":1,"minecraft:pumpkin_seeds":7,"minecraft:leather_chestplate":2,"minecraft:shield":1,"minecraft:iron_chestplate":1,"minecraft:oak_sapling":4,"minecraft:wooden_pickaxe":1,"minecraft:arrow":10,"minecraft:stone_pickaxe":2,"minecraft:quartz":24,"minecraft:netherrack":6,"minecraft:egg":1},"minecraft:killed_by":{"minecraft:creeper":1,"minecraft:skeleton":1},"minecraft:used":{"minecraft:enchanting_table":3,"minecraft:stone_sword":49,"minecraft:armor_stand":1,"minecraft:poppy":1,"minecraft:chest":6,"minecraft:spruce_planks":177,"minecraft:shield":12,"minecraft:bell":3,"minecraft:cooked_chicken":4,"minecraft:iron_chestplate":1,"minecraft:torch":12,"minecraft:dirt":165,"minecraft:mutton":1,"minecraft:snowball":1,"minecraft:obsidian":10,"minecraft:fern":1,"minecraft:spruce_boat":5,"minecraft:iron_hoe":81,"minecraft:lava_bucket":16,"minecraft:iron_helmet":1,"minecraft:iron_boots":1,"minecraft:sweet_berries":2,"minecraft:furnace":25,"minecraft:gold_block":5,"minecraft:egg":2,"minecraft:cooked_beef":6,"minecraft:potato":57,"minecraft:pointed_dripstone":3,"minecraft:cobbled_deepslate":45,"minecraft:light_gray_bed":1,"minecraft:large_fern":1,"minecraft:cooked_mutton":15,"minecraft:water_bucket":18,"minecraft:diorite":7,"minecraft:stone_pickaxe":80,"minecraft:sugar_cane":8,"minecraft:cauldron":3,"minecraft:wooden_pickaxe":3,"minecraft:stonecutter":1,"minecraft:spruce_sign":2,"minecraft:blue_bed":4,"minecraft:diamond_axe":291,"minecraft:white_wool":2,"minecraft:music_disc_cat":4,"minecraft:crafting_table":9,"minecraft:blast_furnace":3,"minecraft:white_bed":9,"minecraft:spruce_log":2,"minecraft:shears":2,"minecraft:diamond_pickaxe":211,"minecraft:diamond_shovel":169,"minecraft:bread":8,"minecraft:iron_pickaxe":97,"minecraft:stone_axe":84,"minecraft:cobblestone":1,"minecraft:purple_bed":4,"minecraft:cooked_porkchop":15,"minecraft:bucket":34,"minecraft:yellow_bed":3,"minecraft:bone_meal":45,"minecraft:jukebox":3},"minecraft:custom":{"minecraft:mob_kills":59,"minecraft:interact_with_crafting_table":31,"minecraft:bell_ring":3,"minecraft:leave_game":3,"minecraft:time_since_death":133264,"minecraft:sprint_one_cm":554409,"minecraft:walk_one_cm":188034,"minecraft:damage_blocked_by_shield":1314,"minecraft:drop":88,"minecraft:talked_to_villager":20,"minecraft:play_time":145783,"minecraft:deaths":2,"minecraft:sneak_time":22574,"minecraft:walk_under_water_one_cm":10245,"minecraft:boat_one_cm":47315,"minecraft:jump":4590,"minecraft:interact_with_blast_furnace":7,"minecraft:walk_on_water_one_cm":13238,"minecraft:enchant_item":3,"minecraft:total_world_time":145783,"minecraft:interact_with_furnace":87,"minecraft:play_record":4,"minecraft:sleep_in_bed":6,"minecraft:time_since_rest":23615,"minecraft:damage_taken":3209,"minecraft:damage_dealt":7428,"minecraft:swim_one_cm":25315,"minecraft:fly_one_cm":933394,"minecraft:player_kills":1,"minecraft:open_chest":111,"minecraft:crouch_one_cm":66499,"minecraft:fall_one_cm":138710}},"DataVersion":3839}