{"stats":{"minecraft:mined":{"minecraft:spruce_planks":50,"minecraft:white_bed":4,"minecraft:cobblestone_stairs":8,"minecraft:obsidian":13,"minecraft:cave_vines_plant":1,"minecraft:chiseled_polished_blackstone":2,"minecraft:grass_block":45,"minecraft:cracked_polished_blackstone_bricks":14,"minecraft:composter":1,"minecraft:nether_wart":6,"minecraft:gilded_blackstone":1,"minecraft:polished_blackstone_bricks":12,"minecraft:raw_iron_block":3,"minecraft:fire":7,"minecraft:iron_ore":74,"minecraft:cobbled_deepslate":26,"minecraft:moss_carpet":1,"minecraft:deepslate_lapis_ore":8,"minecraft:enchanting_table":2,"minecraft:pointed_dripstone":2,"minecraft:cave_vines":1,"minecraft:water_cauldron":2,"minecraft:oak_stairs":1,"minecraft:blackstone":34,"minecraft:crimson_nylium":9,"minecraft:clay":1,"minecraft:torch":4,"minecraft:blast_furnace":4,"minecraft:poppy":1,"minecraft:chest":10,"minecraft:nether_quartz_ore":15,"minecraft:cobblestone":6,"minecraft:grindstone":1,"minecraft:sugar_cane":21,"minecraft:wall_torch":2,"minecraft:spruce_sign":2,"minecraft:cauldron":1,"minecraft:seagrass":2,"minecraft:jukebox":2,"minecraft:oak_log":23,"minecraft:sand":4,"minecraft:dirt":129,"minecraft:netherrack":1218,"minecraft:piston":1,"minecraft:oak_leaves":4,"minecraft:deepslate":123,"minecraft:nether_gold_ore":15,"minecraft:tuff":24,"minecraft:deepslate_diamond_ore":68,"minecraft:glow_lichen":1,"minecraft:spruce_leaves":63,"minecraft:moss_block":5,"minecraft:large_fern":5,"minecraft:spore_blossom":3,"minecraft:spruce_sapling":4,"minecraft:furnace":20,"minecraft:snow":1,"minecraft:gold_block":7,"minecraft:bell":6,"minecraft:potatoes":157,"minecraft:vine":1,"minecraft:deepslate_iron_ore":98,"minecraft:stone":160,"minecraft:smithing_table":1,"minecraft:spruce_door":1,"minecraft:crafting_table":6,"minecraft:short_grass":21,"minecraft:lectern":278,"minecraft:tall_grass":1,"minecraft:lapis_ore":1,"minecraft:deepslate_gold_ore":68,"minecraft:diorite":11,"minecraft:blue_bed":4,"minecraft:purple_bed":4,"minecraft:cobblestone_wall":8,"minecraft:sweet_berry_bush":4,"minecraft:spruce_log":1927,"minecraft:birch_leaves":1,"minecraft:yellow_bed":2,"minecraft:coal_ore":53,"minecraft:gravel":6,"minecraft:dripstone_block":2,"minecraft:gold_ore":3,"minecraft:fern":7},"minecraft:broken":{"minecraft:diamond_axe":1,"minecraft:iron_axe":1},"minecraft:dropped":{"minecraft:moss_block":8,"minecraft:brown_mushroom":1,"minecraft:diamond_axe":1,"minecraft:oak_log":7,"minecraft:glow_ink_sac":10,"minecraft:crafting_table":1,"minecraft:glow_berries":1,"minecraft:leather":3,"minecraft:leather_helmet":3,"minecraft:cobblestone_stairs":8,"minecraft:spruce_leaves":2,"minecraft:cracked_polished_blackstone_bricks":14,"minecraft:dirt":46,"minecraft:mutton":2,"minecraft:gilded_blackstone":1,"minecraft:gold_nugget":11,"minecraft:bone_meal":1,"minecraft:sand":4,"minecraft:polished_blackstone_bricks":12,"minecraft:iron_pickaxe":1,"minecraft:white_wool":5,"minecraft:bone":19,"minecraft:armor_stand":6,"minecraft:gravel":3,"minecraft:chiseled_polished_blackstone":2,"minecraft:stone_axe":2,"minecraft:sugar_cane":8,"minecraft:cobbled_deepslate":1,"minecraft:rotten_flesh":45,"minecraft:leather_chestplate":2,"minecraft:azalea":1,"minecraft:arrow":10,"minecraft:quartz":37,"minecraft:netherrack":6,"minecraft:egg":1,"minecraft:stone_hoe":1,"minecraft:water_bucket":1,"minecraft:iron_ingot":31,"minecraft:bread":31,"minecraft:oak_slab":5,"minecraft:wheat_seeds":7,"minecraft:golden_helmet":1,"minecraft:dripstone_block":1,"minecraft:poisonous_potato":3,"minecraft:feather":5,"minecraft:cobblestone":10,"minecraft:golden_axe":1,"minecraft:iron_helmet":2,"minecraft:tropical_fish":2,"minecraft:coal":216,"minecraft:golden_apple":1,"minecraft:stick":72,"minecraft:gray_wool":4,"minecraft:diorite":5,"minecraft:ink_sac":1,"minecraft:torch":11,"minecraft:iron_leggings":1,"minecraft:oak_stairs":1,"minecraft:flowering_azalea":2,"minecraft:iron_axe":1,"minecraft:string":4,"minecraft:spruce_sapling":24,"minecraft:redstone":8,"minecraft:moss_carpet":1,"minecraft:stone_sword":3,"minecraft:cobblestone_wall":7,"minecraft:tuff":44,"minecraft:clay_ball":4,"minecraft:iron_boots":2,"minecraft:pumpkin_seeds":7,"minecraft:flint_and_steel":1,"minecraft:potato":104,"minecraft:shield":1,"minecraft:iron_chestplate":2,"minecraft:oak_sapling":4,"minecraft:spider_eye":1,"minecraft:stone_pickaxe":2,"minecraft:bow":3,"minecraft:wooden_pickaxe":1},"minecraft:used":{"minecraft:poppy":1,"minecraft:chest":6,"minecraft:shield":46,"minecraft:bell":3,"minecraft:iron_chestplate":1,"minecraft:mutton":1,"minecraft:music_disc_11":1,"minecraft:axolotl_bucket":3,"minecraft:snowball":1,"minecraft:obsidian":10,"minecraft:spruce_boat":6,"minecraft:lava_bucket":21,"minecraft:iron_helmet":1,"minecraft:bow":12,"minecraft:sweet_berries":2,"minecraft:furnace":25,"minecraft:gold_block":5,"minecraft:egg":2,"minecraft:potato":230,"minecraft:large_fern":1,"minecraft:diorite":7,"minecraft:spruce_door":2,"minecraft:stone_pickaxe":80,"minecraft:wooden_pickaxe":3,"minecraft:blue_bed":4,"minecraft:diamond_axe":2178,"minecraft:sugar_cane":8,"minecraft:white_wool":2,"minecraft:blast_furnace":4,"minecraft:shears":2,"minecraft:bread":9,"minecraft:spore_blossom":1,"minecraft:lectern":280,"minecraft:diamond_sword":13,"minecraft:grindstone":2,"minecraft:smithing_table":1,"minecraft:bone_meal":45,"minecraft:enchanting_table":3,"minecraft:stone_sword":49,"minecraft:armor_stand":1,"minecraft:spruce_planks":191,"minecraft:cooked_chicken":4,"minecraft:netherrack":65,"minecraft:oak_door":3,"minecraft:torch":16,"minecraft:dirt":247,"minecraft:fern":1,"minecraft:iron_hoe":81,"minecraft:iron_axe":230,"minecraft:iron_boots":1,"minecraft:cooked_beef":22,"minecraft:cobbled_deepslate":50,"minecraft:light_gray_bed":1,"minecraft:pointed_dripstone":3,"minecraft:cooked_mutton":16,"minecraft:water_bucket":23,"minecraft:baked_potato":24,"minecraft:spruce_sign":3,"minecraft:cauldron":3,"minecraft:stonecutter":1,"minecraft:music_disc_cat":4,"minecraft:crafting_table":9,"minecraft:white_bed":14,"minecraft:spruce_log":3,"minecraft:piston":9,"minecraft:diamond_pickaxe":1957,"minecraft:diamond_shovel":174,"minecraft:iron_pickaxe":97,"minecraft:spruce_pressure_plate":2,"minecraft:spruce_sapling":44,"minecraft:stone_axe":84,"minecraft:cobblestone":1,"minecraft:purple_bed":4,"minecraft:cooked_porkchop":31,"minecraft:bucket":49,"minecraft:yellow_bed":3,"minecraft:jukebox":3},"minecraft:picked_up":{"minecraft:iron_chestplate":1,"minecraft:smithing_table":1,"minecraft:oak_stairs":1,"minecraft:gilded_blackstone":1,"minecraft:string":66,"minecraft:music_disc_cat":4,"minecraft:iron_leggings":1,"minecraft:armor_stand":5,"minecraft:diamond_leggings":1,"minecraft:gold_nugget":217,"minecraft:cobbled_deepslate":162,"minecraft:bucket":2,"minecraft:spruce_planks":102,"minecraft:azalea":1,"minecraft:iron_pickaxe":2,"minecraft:iron_boots":1,"minecraft:furnace":28,"minecraft:stick":301,"minecraft:jukebox":2,"minecraft:composter":1,"minecraft:torch":15,"minecraft:porkchop":26,"minecraft:pointed_dripstone":7,"minecraft:diorite":12,"minecraft:cauldron":3,"minecraft:stone_sword":3,"minecraft:rotten_flesh":45,"minecraft:tropical_fish":2,"minecraft:obsidian":13,"minecraft:snowball":1,"minecraft:cobblestone":285,"minecraft:enchanting_table":2,"minecraft:leather_chestplate":1,"minecraft:feather":5,"minecraft:cooked_beef":119,"minecraft:water_bucket":1,"minecraft:potato":550,"minecraft:flint":1,"minecraft:tuff":44,"minecraft:lapis_lazuli":129,"minecraft:dirt":389,"minecraft:name_tag":1,"minecraft:bone":40,"minecraft:bow":4,"minecraft:wheat_seeds":7,"minecraft:raw_gold":84,"minecraft:bell":6,"minecraft:grindstone":1,"minecraft:diamond_helmet":2,"minecraft:moss_block":10,"minecraft:oak_planks":13,"minecraft:stone_hoe":1,"minecraft:chiseled_polished_blackstone":2,"minecraft:cooked_porkchop":37,"minecraft:poisonous_potato":4,"minecraft:sand":4,"minecraft:ink_sac":1,"minecraft:diamond":95,"minecraft:spruce_boat":4,"minecraft:cracked_polished_blackstone_bricks":15,"minecraft:bone_meal":1,"minecraft:golden_apple":1,"minecraft:spruce_sign":3,"minecraft:bread":14,"minecraft:oak_sapling":4,"minecraft:netherrack":1102,"minecraft:diamond_pickaxe":1,"minecraft:spruce_leaves":2,"minecraft:crafting_table":6,"minecraft:chicken":4,"minecraft:nether_wart":19,"minecraft:clay_ball":8,"minecraft:brown_mushroom":1,"minecraft:gold_block":7,"minecraft:shield":4,"minecraft:moss_carpet":2,"minecraft:iron_axe":2,"minecraft:large_fern":1,"minecraft:blackstone":32,"minecraft:beef":37,"minecraft:iron_nugget":9,"minecraft:poppy":1,"minecraft:light_gray_wool":3,"minecraft:lectern":278,"minecraft:sugar_cane":48,"minecraft:chest":10,"minecraft:piston":1,"minecraft:egg":2,"minecraft:raw_iron":200,"minecraft:polished_blackstone_bricks":12,"minecraft:music_disc_11":1,"minecraft:redstone":4,"minecraft:arrow":17,"minecraft:diamond_chestplate":2,"minecraft:diamond_boots":2,"minecraft:saddle":1,"minecraft:gold_ingot":78,"minecraft:glow_berries":2,"minecraft:mutton":19,"minecraft:white_wool":22,"minecraft:glow_ink_sac":11,"minecraft:leather":48,"minecraft:fern":1,"minecraft:oak_log":25,"minecraft:cobblestone_wall":7,"minecraft:yellow_bed":2,"minecraft:gunpowder":19,"minecraft:cobblestone_stairs":8,"minecraft:blue_bed":4,"minecraft:paper":12,"minecraft:cooked_mutton":5,"minecraft:spore_blossom":3,"minecraft:iron_ingot":119,"minecraft:stone_pickaxe":2,"minecraft:flowering_azalea":2,"minecraft:oak_slab":5,"minecraft:sweet_berries":13,"minecraft:quartz":41,"minecraft:dripstone_block":1,"minecraft:raw_iron_block":3,"minecraft:gravel":3,"minecraft:spruce_sapling":279,"minecraft:blast_furnace":4,"minecraft:white_bed":4,"minecraft:spruce_log":1964,"minecraft:spruce_door":5,"minecraft:spider_eye":1,"minecraft:leather_helmet":1,"minecraft:diamond_shovel":1,"minecraft:pumpkin_seeds":7,"minecraft:purple_bed":4,"minecraft:stone_axe":2,"minecraft:iron_helmet":1,"minecraft:diamond_axe":2,"minecraft:gray_wool":4,"minecraft:coal":372},"minecraft:killed":{"minecraft:zombified_piglin":1,"minecraft:spider":4,"minecraft:skeleton":10,"minecraft:chicken":4,"minecraft:piglin_brute":1,"minecraft:piglin":14,"minecraft:pig":8,"minecraft:sheep":12,"minecraft:zombie":16,"minecraft:cow":20,"minecraft:drowned":1,"minecraft:hoglin":1,"minecraft:enderman":1},"minecraft:crafted":{"minecraft:oak_planks":72,"minecraft:cooked_chicken":4,"minecraft:stone":7,"minecraft:diamond_shovel":1,"minecraft:bookshelf":3,"minecraft:spruce_pressure_plate":2,"minecraft:cooked_mutton":14,"minecraft:diamond_helmet":1,"minecraft:diamond_leggings":1,"minecraft:chest":2,"minecraft:emerald":482,"minecraft:cooked_porkchop":20,"minecraft:diamond_axe":3,"minecraft:crafting_table":4,"minecraft:spruce_planks":7496,"minecraft:wooden_pickaxe":1,"minecraft:baked_potato":128,"minecraft:spruce_door":6,"minecraft:gold_block":3,"minecraft:light_gray_bed":1,"minecraft:lectern":3,"minecraft:book":14,"minecraft:paper":24,"minecraft:diamond_pickaxe":4,"minecraft:shield":2,"minecraft:stick":14416,"minecraft:iron_ingot":122,"minecraft:iron_pickaxe":1,"minecraft:stone_sword":1,"minecraft:gold_ingot":141,"minecraft:shears":1,"minecraft:oak_door":3,"minecraft:raw_iron":27,"minecraft:jukebox":1,"minecraft:furnace":5,"minecraft:piston":8,"minecraft:bone_meal":108,"minecraft:flint_and_steel":1,"minecraft:iron_hoe":1,"minecraft:spruce_slab":24,"minecraft:stone_pickaxe":2,"minecraft:diamond_boots":1,"minecraft:spruce_boat":2,"minecraft:cooked_beef":35,"minecraft:diamond_sword":1,"minecraft:enchanting_table":1,"minecraft:bucket":1,"minecraft:stone_axe":1,"minecraft:enchanted_book":2,"minecraft:bread":17,"minecraft:air":0,"minecraft:white_wool":15,"minecraft:white_bed":10,"minecraft:diamond_chestplate":1},"minecraft:killed_by":{"minecraft:creeper":2,"minecraft:piglin":1,"minecraft:skeleton":1},"minecraft:custom":{"minecraft:interact_with_crafting_table":54,"minecraft:bell_ring":3,"minecraft:leave_game":9,"minecraft:time_since_death":75420,"minecraft:sprint_one_cm":1125431,"minecraft:damage_blocked_by_shield":4439,"minecraft:drop":139,"minecraft:talked_to_villager":479,"minecraft:play_time":382801,"minecraft:deaths":5,"minecraft:jump":8963,"minecraft:walk_on_water_one_cm":42958,"minecraft:enchant_item":8,"minecraft:interact_with_furnace":143,"minecraft:play_record":5,"minecraft:traded_with_villager":490,"minecraft:sleep_in_bed":12,"minecraft:damage_dealt":12707,"minecraft:player_kills":1,"minecraft:crouch_one_cm":177089,"minecraft:interact_with_smithing_table":1,"minecraft:mob_kills":95,"minecraft:climb_one_cm":634,"minecraft:walk_one_cm":545213,"minecraft:sneak_time":65976,"minecraft:walk_under_water_one_cm":23055,"minecraft:boat_one_cm":58263,"minecraft:interact_with_blast_furnace":8,"minecraft:total_world_time":382801,"minecraft:interact_with_grindstone":3,"minecraft:interact_with_stonecutter":2,"minecraft:time_since_rest":11352,"minecraft:damage_taken":6853,"minecraft:swim_one_cm":112006,"minecraft:fly_one_cm":1613263,"minecraft:open_chest":430,"minecraft:fall_one_cm":220697}},"DataVersion":3839}