{"stats":{"minecraft:crafted":{"minecraft:oak_planks":40,"minecraft:stone_shovel":1,"minecraft:furnace":1,"minecraft:flint_and_steel":1,"minecraft:iron_boots":1,"minecraft:iron_axe":1,"minecraft:stone_pickaxe":1,"minecraft:chest":1,"minecraft:diamond_boots":1,"minecraft:stone_hoe":1,"minecraft:wheat":288,"minecraft:emerald":1,"minecraft:crafting_table":1,"minecraft:wooden_pickaxe":1,"minecraft:iron_helmet":1,"minecraft:bucket":2,"minecraft:birch_planks":20,"minecraft:stone_axe":1,"minecraft:bread":96,"minecraft:air":0,"minecraft:iron_chestplate":1,"minecraft:diamond_pickaxe":1,"minecraft:shield":1,"minecraft:stick":20,"minecraft:iron_ingot":41,"minecraft:iron_pickaxe":1,"minecraft:iron_leggings":1},"minecraft:picked_up":{"minecraft:crafting_table":7,"minecraft:iron_chestplate":1,"minecraft:clay_ball":16,"minecraft:wooden_pickaxe":1,"minecraft:oak_stairs":1,"minecraft:shield":1,"minecraft:iron_axe":1,"minecraft:iron_leggings":1,"minecraft:cobbled_deepslate":45,"minecraft:iron_pickaxe":2,"minecraft:furnace":3,"minecraft:iron_boots":1,"minecraft:egg":1,"minecraft:raw_iron":51,"minecraft:stick":6,"minecraft:oak_fence":2,"minecraft:torch":28,"minecraft:porkchop":2,"minecraft:diorite":2,"minecraft:arrow":2,"minecraft:stone_shovel":1,"minecraft:hay_block":32,"minecraft:mutton":2,"minecraft:obsidian":11,"minecraft:white_wool":1,"minecraft:cobblestone":86,"minecraft:birch_log":5,"minecraft:glow_ink_sac":4,"minecraft:water_bucket":1,"minecraft:andesite":1,"minecraft:flint":2,"minecraft:tuff":1,"minecraft:oak_log":10,"minecraft:yellow_bed":1,"minecraft:dirt":3,"minecraft:name_tag":1,"minecraft:bone":3,"minecraft:bow":1,"minecraft:wheat_seeds":3,"minecraft:raw_gold":28,"minecraft:iron_ingot":4,"minecraft:stone_pickaxe":2,"minecraft:oak_planks":14,"minecraft:stone_hoe":1,"minecraft:gravel":10,"minecraft:lava_bucket":1,"minecraft:white_bed":2,"minecraft:mossy_cobblestone":4,"minecraft:diamond":33,"minecraft:stone_axe":1,"minecraft:iron_helmet":1,"minecraft:granite":1,"minecraft:gray_wool":1,"minecraft:bread":85,"minecraft:emerald":1,"minecraft:netherrack":113,"minecraft:coal":9},"minecraft:killed":{"minecraft:spider":1,"minecraft:skeleton":2,"minecraft:pig":1,"minecraft:sheep":2,"minecraft:zombie":2},"minecraft:dropped":{"minecraft:porkchop":1,"minecraft:wheat_seeds":3,"minecraft:cobblestone":1,"minecraft:coal":1,"minecraft:mutton":2,"minecraft:oak_stairs":1,"minecraft:iron_pickaxe":1,"minecraft:white_wool":1,"minecraft:bone":3,"minecraft:gravel":1,"minecraft:stone_axe":1,"minecraft:cobbled_deepslate":5,"minecraft:clay_ball":6,"minecraft:oak_sapling":2,"minecraft:arrow":1,"minecraft:stone_pickaxe":2,"minecraft:wooden_pickaxe":2,"minecraft:netherrack":1},"minecraft:mined":{"minecraft:tuff":1,"minecraft:white_bed":1,"minecraft:mossy_cobblestone":4,"minecraft:deepslate_diamond_ore":29,"minecraft:obsidian":11,"minecraft:granite":1,"minecraft:grass_block":2,"minecraft:hay_block":32,"minecraft:furnace":2,"minecraft:iron_ore":41,"minecraft:cobbled_deepslate":5,"minecraft:andesite":1,"minecraft:oak_stairs":1,"minecraft:stone":47,"minecraft:oak_fence":2,"minecraft:clay":4,"minecraft:crafting_table":6,"minecraft:short_grass":5,"minecraft:cobblestone":25,"minecraft:tall_grass":1,"minecraft:deepslate_gold_ore":10,"minecraft:oak_planks":11,"minecraft:diorite":2,"minecraft:birch_log":5,"minecraft:yellow_bed":1,"minecraft:coal_ore":7,"minecraft:oak_log":10,"minecraft:dirt":1,"minecraft:gravel":12,"minecraft:netherrack":113,"minecraft:gold_ore":4,"minecraft:oak_leaves":1,"minecraft:deepslate":42},"minecraft:used":{"minecraft:oak_fence":2,"minecraft:flint_and_steel":2,"minecraft:stone_shovel":15,"minecraft:chest":1,"minecraft:shield":12,"minecraft:stone_hoe":26,"minecraft:dirt":3,"minecraft:tuff":1,"minecraft:granite":1,"minecraft:obsidian":11,"minecraft:lava_bucket":15,"minecraft:iron_axe":44,"minecraft:iron_helmet":1,"minecraft:bow":1,"minecraft:furnace":3,"minecraft:egg":1,"minecraft:cobbled_deepslate":40,"minecraft:water_bucket":21,"minecraft:diorite":2,"minecraft:birch_planks":7,"minecraft:stone_pickaxe":53,"minecraft:oak_planks":5,"minecraft:wooden_pickaxe":7,"minecraft:mossy_cobblestone":4,"minecraft:crafting_table":7,"minecraft:white_bed":1,"minecraft:diamond_pickaxe":125,"minecraft:bread":32,"minecraft:iron_pickaxe":161,"minecraft:gravel":9,"minecraft:stone_axe":8,"minecraft:cobblestone":49,"minecraft:porkchop":1,"minecraft:bucket":38,"minecraft:andesite":1,"minecraft:gray_wool":1},"minecraft:custom":{"minecraft:mob_kills":8,"minecraft:interact_with_crafting_table":23,"minecraft:leave_game":17,"minecraft:time_since_death":46460,"minecraft:sprint_one_cm":429714,"minecraft:walk_one_cm":107302,"minecraft:damage_blocked_by_shield":1190,"minecraft:drop":30,"minecraft:talked_to_villager":3,"minecraft:play_time":84085,"minecraft:deaths":1,"minecraft:sneak_time":6186,"minecraft:walk_under_water_one_cm":646,"minecraft:jump":2230,"minecraft:walk_on_water_one_cm":15652,"minecraft:total_world_time":84085,"minecraft:interact_with_furnace":16,"minecraft:traded_with_villager":1,"minecraft:sleep_in_bed":1,"minecraft:time_since_rest":46485,"minecraft:damage_taken":1030,"minecraft:damage_dealt":1111,"minecraft:swim_one_cm":7800,"minecraft:fly_one_cm":396991,"minecraft:open_chest":15,"minecraft:crouch_one_cm":12192,"minecraft:fall_one_cm":59325}},"DataVersion":3839}