{"stats":{"minecraft:crafted":{"minecraft:stone_shovel":1,"minecraft:emerald":1,"minecraft:wooden_pickaxe":1,"minecraft:furnace":1,"minecraft:bucket":1,"minecraft:birch_planks":20,"minecraft:stone_axe":1,"minecraft:bread":96,"minecraft:air":0,"minecraft:iron_boots":1,"minecraft:shield":1,"minecraft:iron_axe":1,"minecraft:stick":20,"minecraft:iron_ingot":16,"minecraft:iron_pickaxe":1,"minecraft:stone_pickaxe":1,"minecraft:stone_hoe":1,"minecraft:wheat":288},"minecraft:picked_up":{"minecraft:birch_log":5,"minecraft:crafting_table":4,"minecraft:clay_ball":16,"minecraft:andesite":1,"minecraft:wooden_pickaxe":1,"minecraft:flint":1,"minecraft:dirt":3,"minecraft:wheat_seeds":2,"minecraft:oak_planks":9,"minecraft:furnace":1,"minecraft:raw_iron":39,"minecraft:gravel":9,"minecraft:porkchop":2,"minecraft:diorite":2,"minecraft:white_bed":1,"minecraft:hay_block":32,"minecraft:granite":1,"minecraft:gray_wool":1,"minecraft:mutton":2,"minecraft:coal":7,"minecraft:cobblestone":36,"minecraft:white_wool":1},"minecraft:killed":{"minecraft:pig":1,"minecraft:sheep":2,"minecraft:zombie":1},"minecraft:dropped":{"minecraft:wooden_pickaxe":2},"minecraft:mined":{"minecraft:white_bed":1,"minecraft:clay":4,"minecraft:crafting_table":4,"minecraft:granite":1,"minecraft:short_grass":4,"minecraft:grass_block":2,"minecraft:cobblestone":7,"minecraft:oak_planks":9,"minecraft:diorite":2,"minecraft:hay_block":32,"minecraft:furnace":1,"minecraft:birch_log":5,"minecraft:iron_ore":29,"minecraft:andesite":1,"minecraft:coal_ore":7,"minecraft:gravel":10,"minecraft:dirt":1,"minecraft:stone":32},"minecraft:used":{"minecraft:diorite":2,"minecraft:birch_planks":7,"minecraft:stone_shovel":13,"minecraft:stone_pickaxe":53,"minecraft:wooden_pickaxe":7,"minecraft:stone_hoe":26,"minecraft:dirt":3,"minecraft:crafting_table":3,"minecraft:granite":1,"minecraft:iron_axe":11,"minecraft:bread":7,"minecraft:iron_pickaxe":21,"minecraft:gravel":9,"minecraft:stone_axe":8,"minecraft:cobblestone":7,"minecraft:furnace":1,"minecraft:porkchop":1,"minecraft:bucket":1,"minecraft:gray_wool":1},"minecraft:custom":{"minecraft:interact_with_furnace":10,"minecraft:mob_kills":4,"minecraft:traded_with_villager":1,"minecraft:interact_with_crafting_table":18,"minecraft:leave_game":16,"minecraft:time_since_death":25987,"minecraft:sleep_in_bed":1,"minecraft:time_since_rest":17053,"minecraft:sprint_one_cm":128472,"minecraft:damage_taken":75,"minecraft:walk_one_cm":40721,"minecraft:drop":2,"minecraft:damage_dealt":460,"minecraft:swim_one_cm":1182,"minecraft:talked_to_villager":3,"minecraft:fly_one_cm":134928,"minecraft:open_chest":2,"minecraft:crouch_one_cm":3795,"minecraft:play_time":25987,"minecraft:sneak_time":1347,"minecraft:walk_under_water_one_cm":359,"minecraft:jump":673,"minecraft:walk_on_water_one_cm":6615,"minecraft:total_world_time":25987,"minecraft:fall_one_cm":18904}},"DataVersion":3839}