{"stats":{"minecraft:custom":{"minecraft:jump":95,"minecraft:time_since_rest":2085,"minecraft:damage_dealt":160,"minecraft:play_time":2085,"minecraft:leave_game":15,"minecraft:sprint_one_cm":7992,"minecraft:time_since_death":2085,"minecraft:walk_one_cm":1657,"minecraft:total_world_time":2085,"minecraft:mob_kills":2,"minecraft:fall_one_cm":4052,"minecraft:fly_one_cm":19260},"minecraft:picked_up":{"minecraft:gray_wool":1,"minecraft:mutton":2,"minecraft:wheat_seeds":2,"minecraft:white_wool":1},"minecraft:killed":{"minecraft:sheep":2}},"DataVersion":3839}