{"stats":{"minecraft:crafted":{"minecraft:oak_planks":148,"minecraft:oak_sign":3,"minecraft:stone_shovel":1,"minecraft:furnace":2,"minecraft:flint_and_steel":2,"minecraft:iron_boots":2,"minecraft:iron_axe":2,"minecraft:stone_pickaxe":2,"minecraft:chest":2,"minecraft:diamond_boots":1,"minecraft:stone_hoe":1,"minecraft:wheat":288,"minecraft:emerald":1,"minecraft:crafting_table":3,"minecraft:spruce_planks":12,"minecraft:wooden_pickaxe":3,"minecraft:iron_helmet":2,"minecraft:bucket":4,"minecraft:birch_planks":20,"minecraft:stone_axe":2,"minecraft:bread":96,"minecraft:air":0,"minecraft:oak_boat":2,"minecraft:iron_chestplate":2,"minecraft:diamond_pickaxe":1,"minecraft:shield":3,"minecraft:stick":36,"minecraft:iron_ingot":83,"minecraft:iron_pickaxe":2,"minecraft:wooden_axe":1,"minecraft:gold_ingot":14,"minecraft:iron_leggings":2,"minecraft:shears":1},"minecraft:picked_up":{"minecraft:iron_chestplate":1,"minecraft:crafting_table":15,"minecraft:clay_ball":16,"minecraft:wooden_pickaxe":1,"minecraft:oak_stairs":1,"minecraft:nether_brick":13,"minecraft:golden_sword":1,"minecraft:shield":3,"minecraft:string":7,"minecraft:iron_axe":1,"minecraft:iron_leggings":2,"minecraft:cobbled_deepslate":45,"minecraft:spruce_planks":12,"minecraft:oak_boat":2,"minecraft:iron_pickaxe":2,"minecraft:light_gray_wool":1,"minecraft:chest":1,"minecraft:egg":1,"minecraft:iron_boots":1,"minecraft:furnace":6,"minecraft:stick":6,"minecraft:raw_iron":93,"minecraft:oak_fence":2,"minecraft:torch":28,"minecraft:fire_charge":1,"minecraft:porkchop":2,"minecraft:diorite":2,"minecraft:arrow":2,"minecraft:rotten_flesh":4,"minecraft:stone_shovel":1,"minecraft:hay_block":32,"minecraft:obsidian":12,"minecraft:mutton":2,"minecraft:cobblestone":131,"minecraft:white_wool":18,"minecraft:birch_log":5,"minecraft:glow_ink_sac":4,"minecraft:water_bucket":1,"minecraft:andesite":1,"minecraft:leather":13,"minecraft:flint":3,"minecraft:tuff":1,"minecraft:oak_log":55,"minecraft:yellow_bed":1,"minecraft:gunpowder":3,"minecraft:dirt":6,"minecraft:name_tag":1,"minecraft:cooked_mutton":28,"minecraft:bone":3,"minecraft:apple":1,"minecraft:bow":1,"minecraft:wheat_seeds":8,"minecraft:raw_gold":28,"minecraft:stone_pickaxe":2,"minecraft:iron_ingot":4,"minecraft:glowstone_dust":2,"minecraft:soul_sand":4,"minecraft:oak_planks":14,"minecraft:stone_hoe":1,"minecraft:quartz":11,"minecraft:dandelion":1,"minecraft:lava_bucket":1,"minecraft:gravel":23,"minecraft:white_bed":6,"minecraft:spruce_log":3,"minecraft:spectral_arrow":20,"minecraft:crying_obsidian":3,"minecraft:mossy_cobblestone":4,"minecraft:diamond":33,"minecraft:stone_axe":1,"minecraft:short_grass":3,"minecraft:iron_helmet":1,"minecraft:crossbow":1,"minecraft:granite":1,"minecraft:gray_wool":1,"minecraft:bread":85,"minecraft:emerald":1,"minecraft:netherrack":152,"minecraft:coal":43,"minecraft:oak_leaves":133},"minecraft:killed":{"minecraft:cave_spider":1,"minecraft:spider":2,"minecraft:horse":7,"minecraft:skeleton":6,"minecraft:piglin":5,"minecraft:pig":1,"minecraft:creeper":1,"minecraft:sheep":17,"minecraft:zombie":3,"minecraft:ghast":1},"minecraft:broken":{"minecraft:crossbow":1},"minecraft:dropped":{"minecraft:short_grass":3,"minecraft:porkchop":1,"minecraft:wheat_seeds":7,"minecraft:cobblestone":1,"minecraft:coal":1,"minecraft:mutton":2,"minecraft:oak_stairs":1,"minecraft:iron_pickaxe":1,"minecraft:string":1,"minecraft:white_wool":10,"minecraft:gold_ingot":14,"minecraft:bone":3,"minecraft:gravel":1,"minecraft:stone_axe":1,"minecraft:cobbled_deepslate":5,"minecraft:rotten_flesh":23,"minecraft:clay_ball":6,"minecraft:glowstone_dust":2,"minecraft:spruce_planks":12,"minecraft:oak_sapling":2,"minecraft:arrow":1,"minecraft:wooden_pickaxe":2,"minecraft:stone_pickaxe":2,"minecraft:netherrack":1},"minecraft:mined":{"minecraft:tuff":1,"minecraft:white_bed":5,"minecraft:mossy_cobblestone":4,"minecraft:deepslate_diamond_ore":29,"minecraft:obsidian":11,"minecraft:granite":1,"minecraft:grass_block":4,"minecraft:hay_block":32,"minecraft:furnace":5,"minecraft:fire":34,"minecraft:iron_ore":83,"minecraft:cobbled_deepslate":5,"minecraft:andesite":1,"minecraft:oak_stairs":1,"minecraft:stone":75,"minecraft:dandelion":1,"minecraft:oak_fence":2,"minecraft:clay":4,"minecraft:crafting_table":14,"minecraft:short_grass":61,"minecraft:chest":1,"minecraft:tall_grass":8,"minecraft:cobblestone":28,"minecraft:deepslate_gold_ore":10,"minecraft:oak_planks":11,"minecraft:diorite":3,"minecraft:birch_log":5,"minecraft:yellow_bed":1,"minecraft:oak_log":55,"minecraft:coal_ore":24,"minecraft:gravel":17,"minecraft:dirt":1,"minecraft:netherrack":128,"minecraft:gold_ore":4,"minecraft:oak_leaves":140,"minecraft:deepslate":42},"minecraft:killed_by":{"minecraft:spider":1,"minecraft:piglin":1},"minecraft:used":{"minecraft:oak_fence":2,"minecraft:flint_and_steel":35,"minecraft:stone_shovel":15,"minecraft:oak_sign":3,"minecraft:chest":2,"minecraft:shield":35,"minecraft:rotten_flesh":8,"minecraft:stone_hoe":26,"minecraft:netherrack":42,"minecraft:iron_chestplate":1,"minecraft:soul_sand":4,"minecraft:dirt":6,"minecraft:tuff":1,"minecraft:granite":1,"minecraft:obsidian":12,"minecraft:wooden_axe":3,"minecraft:lava_bucket":57,"minecraft:iron_axe":178,"minecraft:iron_helmet":2,"minecraft:iron_boots":1,"minecraft:light_gray_wool":1,"minecraft:bow":4,"minecraft:furnace":5,"minecraft:egg":1,"minecraft:cobbled_deepslate":40,"minecraft:iron_leggings":2,"minecraft:cooked_mutton":5,"minecraft:water_bucket":29,"minecraft:diorite":2,"minecraft:birch_planks":7,"minecraft:stone_pickaxe":66,"minecraft:oak_planks":22,"minecraft:wooden_pickaxe":26,"minecraft:glow_ink_sac":1,"minecraft:oak_leaves":60,"minecraft:white_wool":8,"minecraft:mossy_cobblestone":4,"minecraft:crafting_table":14,"minecraft:crossbow":1,"minecraft:white_bed":4,"minecraft:shears":139,"minecraft:diamond_pickaxe":127,"minecraft:apple":1,"minecraft:crying_obsidian":3,"minecraft:bread":49,"minecraft:iron_pickaxe":236,"minecraft:gravel":21,"minecraft:stone_axe":20,"minecraft:fire_charge":1,"minecraft:cobblestone":58,"minecraft:porkchop":1,"minecraft:andesite":1,"minecraft:bucket":90,"minecraft:oak_boat":2,"minecraft:air":1,"minecraft:dandelion":1,"minecraft:gray_wool":1},"minecraft:custom":{"minecraft:mob_kills":46,"minecraft:interact_with_crafting_table":41,"minecraft:leave_game":18,"minecraft:time_since_death":30230,"minecraft:sprint_one_cm":880483,"minecraft:walk_one_cm":266818,"minecraft:damage_blocked_by_shield":3019,"minecraft:drop":62,"minecraft:talked_to_villager":7,"minecraft:play_time":170242,"minecraft:deaths":6,"minecraft:sneak_time":10791,"minecraft:walk_under_water_one_cm":1330,"minecraft:boat_one_cm":5125,"minecraft:jump":5156,"minecraft:walk_on_water_one_cm":28992,"minecraft:total_world_time":170242,"minecraft:interact_with_furnace":45,"minecraft:traded_with_villager":1,"minecraft:sleep_in_bed":8,"minecraft:time_since_rest":10370,"minecraft:damage_taken":3392,"minecraft:damage_dealt":5782,"minecraft:swim_one_cm":12054,"minecraft:fly_one_cm":1036447,"minecraft:open_chest":53,"minecraft:crouch_one_cm":22558,"minecraft:fall_one_cm":154205}},"DataVersion":3839}