{"stats":{"minecraft:custom":{"minecraft:time_since_rest":6122,"minecraft:sprint_one_cm":45156,"minecraft:damage_taken":180,"minecraft:walk_one_cm":14622,"minecraft:mob_kills":9,"minecraft:damage_dealt":1087,"minecraft:interact_with_crafting_table":7,"minecraft:fly_one_cm":10092,"minecraft:crouch_one_cm":2792,"minecraft:play_time":6122,"minecraft:sneak_time":864,"minecraft:jump":98,"minecraft:leave_game":2,"minecraft:time_since_death":6122,"minecraft:total_world_time":6122,"minecraft:fall_one_cm":418},"minecraft:picked_up":{"minecraft:birch_log":5,"minecraft:wheat":4,"minecraft:porkchop":7,"minecraft:oak_log":1,"minecraft:dirt":1,"minecraft:wheat_seeds":11,"minecraft:beef":2,"minecraft:black_wool":1,"minecraft:mutton":4,"minecraft:coal":7,"minecraft:white_wool":1,"minecraft:cobblestone":11},"minecraft:used":{"minecraft:bread":1,"minecraft:stone_pickaxe":8,"minecraft:wooden_pickaxe":10,"minecraft:wooden_sword":41,"minecraft:crafting_table":2},"minecraft:killed":{"minecraft:sheep":2,"minecraft:zombie":2,"minecraft:pig":4,"minecraft:cow":1},"minecraft:crafted":{"minecraft:wooden_sword":1,"minecraft:crafting_table":2,"minecraft:stick":8,"minecraft:wooden_pickaxe":1,"minecraft:stone_pickaxe":1,"minecraft:birch_planks":20,"minecraft:bread":1},"minecraft:mined":{"minecraft:large_fern":3,"minecraft:birch_log":5,"minecraft:wheat":4,"minecraft:birch_leaves":1,"minecraft:short_grass":2,"minecraft:oak_log":1,"minecraft:grass_block":1,"minecraft:coal_ore":7,"minecraft:spruce_leaves":1,"minecraft:stone":11,"minecraft:fern":4}},"DataVersion":3839}