{"stats":{"minecraft:crafted":{"minecraft:wooden_sword":1,"minecraft:oak_planks":4,"minecraft:cooked_porkchop":16,"minecraft:crafting_table":3,"minecraft:stick":8,"minecraft:wooden_pickaxe":1,"minecraft:stone_pickaxe":1,"minecraft:furnace":1,"minecraft:birch_planks":20,"minecraft:bread":1,"minecraft:air":0},"minecraft:picked_up":{"minecraft:birch_log":5,"minecraft:crafting_table":2,"minecraft:wheat":4,"minecraft:feather":2,"minecraft:chicken":1,"minecraft:sweet_berries":3,"minecraft:porkchop":16,"minecraft:oak_log":1,"minecraft:dirt":1,"minecraft:wheat_seeds":14,"minecraft:beef":2,"minecraft:sugar_cane":117,"minecraft:black_wool":1,"minecraft:mutton":5,"minecraft:coal":12,"minecraft:white_wool":2,"minecraft:cobblestone":13,"minecraft:furnace":2},"minecraft:used":{"minecraft:birch_planks":3,"minecraft:bread":1,"minecraft:stone_pickaxe":17,"minecraft:wooden_pickaxe":10,"minecraft:sugar_cane":14,"minecraft:wooden_sword":58,"minecraft:cobblestone":2,"minecraft:crafting_table":4,"minecraft:furnace":2,"minecraft:cooked_porkchop":6},"minecraft:custom":{"minecraft:time_since_rest":26640,"minecraft:interact_with_furnace":25,"minecraft:sprint_one_cm":162402,"minecraft:damage_taken":230,"minecraft:walk_one_cm":44851,"minecraft:mob_kills":15,"minecraft:drop":1,"minecraft:damage_dealt":1627,"minecraft:swim_one_cm":16055,"minecraft:interact_with_crafting_table":16,"minecraft:fly_one_cm":202021,"minecraft:open_chest":23,"minecraft:crouch_one_cm":9255,"minecraft:play_time":26640,"minecraft:sneak_time":2302,"minecraft:walk_under_water_one_cm":461,"minecraft:jump":815,"minecraft:leave_game":4,"minecraft:walk_on_water_one_cm":1796,"minecraft:time_since_death":26640,"minecraft:total_world_time":26640,"minecraft:fall_one_cm":18935},"minecraft:mined":{"minecraft:large_fern":4,"minecraft:furnace":2,"minecraft:birch_log":5,"minecraft:wheat":4,"minecraft:sweet_berry_bush":4,"minecraft:birch_leaves":1,"minecraft:crafting_table":2,"minecraft:short_grass":43,"minecraft:coal_ore":7,"minecraft:grass_block":1,"minecraft:oak_log":1,"minecraft:cobblestone":2,"minecraft:spruce_leaves":1,"minecraft:stone":11,"minecraft:sugar_cane":59,"minecraft:fern":8},"minecraft:killed":{"minecraft:sheep":3,"minecraft:zombie":2,"minecraft:pig":9,"minecraft:cow":1},"minecraft:dropped":{"minecraft:sweet_berries":3}},"DataVersion":3839}