{"stats":{"minecraft:killed_by":{"minecraft:player":1},"minecraft:custom":{"minecraft:jump":100,"minecraft:time_since_rest":90,"minecraft:leave_game":1,"minecraft:damage_dealt":310,"minecraft:deaths":5,"minecraft:sprint_one_cm":10657,"minecraft:play_time":3726,"minecraft:damage_taken":1390,"minecraft:time_since_death":66,"minecraft:walk_one_cm":5042,"minecraft:total_world_time":3726,"minecraft:fall_one_cm":16081,"minecraft:fly_one_cm":16197,"minecraft:player_kills":2},"minecraft:mined":{"minecraft:short_grass":6}},"DataVersion":3839}