{"stats":{"minecraft:picked_up":{"minecraft:oak_log":6,"minecraft:dirt":1},"minecraft:custom":{"minecraft:jump":130,"minecraft:time_since_rest":18372,"minecraft:walk_on_water_one_cm":3767,"minecraft:crouch_one_cm":1624,"minecraft:leave_game":2,"minecraft:play_time":18372,"minecraft:sprint_one_cm":11756,"minecraft:time_since_death":18372,"minecraft:walk_one_cm":4012,"minecraft:sneak_time":1718,"minecraft:total_world_time":18372,"minecraft:walk_under_water_one_cm":21116,"minecraft:fall_one_cm":5250,"minecraft:fly_one_cm":137103},"minecraft:crafted":{"minecraft:crafting_table":1,"minecraft:stick":8,"minecraft:oak_planks":24},"minecraft:mined":{"minecraft:oak_log":6,"minecraft:oak_leaves":1,"minecraft:dirt":1},"minecraft:used":{"minecraft:dirt":1}},"DataVersion":3839}