{"stats":{"minecraft:crafted":{"minecraft:oak_planks":24,"minecraft:crafting_table":1,"minecraft:stick":8},"minecraft:killed_by":{"minecraft:skeleton":1,"minecraft:player":2},"minecraft:picked_up":{"minecraft:rotten_flesh":2,"minecraft:wheat_seeds":1,"minecraft:oak_log":6,"minecraft:spider_eye":2,"minecraft:string":6,"minecraft:dirt":1},"minecraft:used":{"minecraft:dirt":1,"minecraft:string":4},"minecraft:custom":{"minecraft:time_since_rest":1384,"minecraft:crouch_one_cm":2260,"minecraft:deaths":4,"minecraft:play_time":24343,"minecraft:sprint_one_cm":17964,"minecraft:damage_taken":1149,"minecraft:walk_one_cm":10980,"minecraft:sneak_time":2039,"minecraft:walk_under_water_one_cm":21116,"minecraft:mob_kills":2,"minecraft:drop":1,"minecraft:jump":281,"minecraft:damage_dealt":453,"minecraft:walk_on_water_one_cm":3767,"minecraft:leave_game":3,"minecraft:time_since_death":1355,"minecraft:total_world_time":24343,"minecraft:player_kills":1,"minecraft:fall_one_cm":15329,"minecraft:fly_one_cm":153278},"minecraft:mined":{"minecraft:short_grass":5,"minecraft:oak_log":6,"minecraft:dirt":1,"minecraft:oak_leaves":1,"minecraft:tripwire":4},"minecraft:killed":{"minecraft:spider":1,"minecraft:zombie":1},"minecraft:dropped":{"minecraft:spider_eye":1}},"DataVersion":3839}