{"stats":{"minecraft:crafted":{"minecraft:oak_planks":48,"minecraft:furnace":3,"minecraft:bone_meal":6,"minecraft:cooked_mutton":8,"minecraft:flint_and_steel":1,"minecraft:iron_boots":1,"minecraft:iron_axe":1,"minecraft:stone_pickaxe":1,"minecraft:chest":1,"minecraft:stone_hoe":1,"minecraft:wheat":243,"minecraft:cooked_beef":7,"minecraft:oak_slab":6,"minecraft:cooked_porkchop":27,"minecraft:crafting_table":3,"minecraft:spruce_planks":64,"minecraft:wooden_pickaxe":1,"minecraft:iron_helmet":1,"minecraft:bucket":1,"minecraft:stone_axe":2,"minecraft:bread":64,"minecraft:air":0,"minecraft:iron_chestplate":1,"minecraft:shield":1,"minecraft:stick":148,"minecraft:iron_ingot":52,"minecraft:iron_pickaxe":2,"minecraft:stone_sword":1,"minecraft:iron_leggings":1},"minecraft:picked_up":{"minecraft:iron_chestplate":1,"minecraft:crafting_table":9,"minecraft:shield":1,"minecraft:string":54,"minecraft:iron_axe":1,"minecraft:iron_leggings":1,"minecraft:gold_nugget":10,"minecraft:cobbled_deepslate":55,"minecraft:beef":36,"minecraft:iron_pickaxe":1,"minecraft:sugar_cane":7,"minecraft:furnace":4,"minecraft:iron_boots":1,"minecraft:stick":8,"minecraft:raw_iron":154,"minecraft:torch":1,"minecraft:porkchop":60,"minecraft:pointed_dripstone":8,"minecraft:diorite":6,"minecraft:redstone":72,"minecraft:arrow":14,"minecraft:rotten_flesh":28,"minecraft:hay_block":27,"minecraft:mutton":15,"minecraft:cobblestone":271,"minecraft:white_wool":7,"minecraft:glow_ink_sac":20,"minecraft:water_bucket":1,"minecraft:andesite":3,"minecraft:leather":14,"minecraft:potato":1,"minecraft:flint":2,"minecraft:tuff":18,"minecraft:oak_log":12,"minecraft:gunpowder":3,"minecraft:lapis_lazuli":72,"minecraft:dirt":5,"minecraft:bone":8,"minecraft:wheat_seeds":2,"minecraft:raw_gold":77,"minecraft:stone_pickaxe":3,"minecraft:iron_ingot":24,"minecraft:oak_planks":21,"minecraft:stone_hoe":1,"minecraft:oak_slab":1,"minecraft:cooked_porkchop":17,"minecraft:quartz":12,"minecraft:gravel":1,"minecraft:spruce_sapling":4,"minecraft:spruce_log":19,"minecraft:spider_eye":1,"minecraft:slime_ball":10,"minecraft:diamond":28,"minecraft:stone_axe":3,"minecraft:iron_helmet":2,"minecraft:granite":3,"minecraft:gray_wool":3,"minecraft:netherrack":5,"minecraft:coal":255},"minecraft:killed":{"minecraft:cave_spider":1,"minecraft:spider":3,"minecraft:slime":3,"minecraft:skeleton":6,"minecraft:drowned":1,"minecraft:pig":19,"minecraft:zombie_villager":1,"minecraft:iron_golem":2,"minecraft:creeper":3,"minecraft:sheep":5,"minecraft:zombie":23,"minecraft:glow_squid":2,"minecraft:enderman":1,"minecraft:cow":13},"minecraft:broken":{"minecraft:stone_sword":1,"minecraft:wooden_pickaxe":1,"minecraft:stone_pickaxe":1,"minecraft:stone_axe":2,"minecraft:iron_pickaxe":1},"minecraft:dropped":{"minecraft:wheat_seeds":2,"minecraft:cooked_porkchop":1,"minecraft:iron_helmet":1,"minecraft:granite":1,"minecraft:dirt":1,"minecraft:diorite":2,"minecraft:iron_axe":1,"minecraft:bone":4,"minecraft:gravel":1,"minecraft:oak_planks":1,"minecraft:spider_eye":1,"minecraft:stone_pickaxe":1},"minecraft:mined":{"minecraft:nether_gold_ore":2,"minecraft:tuff":18,"minecraft:deepslate_diamond_ore":18,"minecraft:granite":3,"minecraft:grass_block":5,"minecraft:spruce_leaves":20,"minecraft:spawner":2,"minecraft:hay_block":27,"minecraft:furnace":3,"minecraft:iron_ore":76,"minecraft:cobbled_deepslate":1,"minecraft:andesite":3,"minecraft:deepslate_lapis_ore":11,"minecraft:pointed_dripstone":1,"minecraft:deepslate_iron_ore":45,"minecraft:stone":115,"minecraft:deepslate_redstone_ore":13,"minecraft:oak_slab":1,"minecraft:crafting_table":6,"minecraft:short_grass":32,"minecraft:nether_quartz_ore":12,"minecraft:tall_grass":2,"minecraft:cobblestone":8,"minecraft:deepslate_coal_ore":4,"minecraft:deepslate_gold_ore":42,"minecraft:sugar_cane":5,"minecraft:wall_torch":1,"minecraft:diorite":3,"minecraft:gray_wool":1,"minecraft:spruce_log":19,"minecraft:coal_ore":117,"minecraft:oak_log":12,"minecraft:gravel":1,"minecraft:dirt":4,"minecraft:cobweb":47,"minecraft:netherrack":5,"minecraft:gold_ore":6,"minecraft:oak_leaves":15,"minecraft:deepslate":49},"minecraft:killed_by":{"minecraft:cave_spider":1,"minecraft:skeleton":1},"minecraft:used":{"minecraft:stone_sword":74,"minecraft:chest":1,"minecraft:shield":27,"minecraft:stone_hoe":28,"minecraft:iron_chestplate":1,"minecraft:torch":1,"minecraft:dirt":2,"minecraft:tuff":18,"minecraft:granite":2,"minecraft:iron_axe":22,"minecraft:grass_block":1,"minecraft:furnace":6,"minecraft:cobbled_deepslate":26,"minecraft:cooked_mutton":1,"minecraft:water_bucket":3,"minecraft:diorite":4,"minecraft:stone_pickaxe":131,"minecraft:wooden_pickaxe":59,"minecraft:oak_slab":2,"minecraft:crafting_table":9,"minecraft:spruce_log":3,"minecraft:bread":3,"minecraft:iron_pickaxe":369,"minecraft:spruce_sapling":4,"minecraft:stone_axe":156,"minecraft:cobblestone":57,"minecraft:cooked_porkchop":20,"minecraft:andesite":3,"minecraft:bucket":4,"minecraft:bone_meal":6},"minecraft:custom":{"minecraft:mob_kills":83,"minecraft:interact_with_crafting_table":29,"minecraft:leave_game":13,"minecraft:time_since_death":41157,"minecraft:sprint_one_cm":383234,"minecraft:walk_one_cm":119984,"minecraft:damage_blocked_by_shield":2145,"minecraft:drop":15,"minecraft:talked_to_villager":3,"minecraft:play_time":141614,"minecraft:deaths":3,"minecraft:sneak_time":10608,"minecraft:walk_under_water_one_cm":4515,"minecraft:jump":2965,"minecraft:walk_on_water_one_cm":13487,"minecraft:total_world_time":141614,"minecraft:interact_with_furnace":66,"minecraft:sleep_in_bed":1,"minecraft:time_since_rest":41230,"minecraft:damage_taken":2174,"minecraft:damage_dealt":13024,"minecraft:swim_one_cm":21585,"minecraft:fly_one_cm":582807,"minecraft:open_chest":19,"minecraft:crouch_one_cm":23071,"minecraft:fall_one_cm":94290}},"DataVersion":3839}