{"stats":{"minecraft:crafted":{"minecraft:cooked_beef":7,"minecraft:oak_planks":40,"minecraft:cooked_porkchop":27,"minecraft:crafting_table":3,"minecraft:wooden_pickaxe":1,"minecraft:furnace":1,"minecraft:bucket":1,"minecraft:stone_axe":2,"minecraft:cooked_mutton":8,"minecraft:air":0,"minecraft:iron_chestplate":1,"minecraft:shield":1,"minecraft:stick":16,"minecraft:iron_ingot":23,"minecraft:iron_pickaxe":1,"minecraft:stone_pickaxe":1,"minecraft:chest":1,"minecraft:stone_hoe":1},"minecraft:picked_up":{"minecraft:crafting_table":4,"minecraft:glow_ink_sac":3,"minecraft:leather":9,"minecraft:oak_log":10,"minecraft:gunpowder":3,"minecraft:dirt":5,"minecraft:bone":3,"minecraft:wheat_seeds":2,"minecraft:cobbled_deepslate":5,"minecraft:raw_gold":7,"minecraft:iron_ingot":5,"minecraft:beef":16,"minecraft:stone_pickaxe":2,"minecraft:sugar_cane":7,"minecraft:oak_planks":18,"minecraft:furnace":1,"minecraft:raw_iron":37,"minecraft:stick":4,"minecraft:porkchop":60,"minecraft:spider_eye":1,"minecraft:arrow":6,"minecraft:rotten_flesh":9,"minecraft:stone_axe":2,"minecraft:hay_block":27,"minecraft:gray_wool":3,"minecraft:mutton":15,"minecraft:coal":141,"minecraft:white_wool":7,"minecraft:cobblestone":179},"minecraft:killed":{"minecraft:pig":19,"minecraft:spider":1,"minecraft:iron_golem":1,"minecraft:creeper":3,"minecraft:sheep":5,"minecraft:skeleton":2,"minecraft:zombie":6,"minecraft:drowned":1,"minecraft:glow_squid":1,"minecraft:cow":5},"minecraft:mined":{"minecraft:crafting_table":2,"minecraft:short_grass":27,"minecraft:grass_block":4,"minecraft:cobblestone":1,"minecraft:tall_grass":1,"minecraft:deepslate_gold_ore":7,"minecraft:sugar_cane":5,"minecraft:hay_block":27,"minecraft:gray_wool":1,"minecraft:furnace":1,"minecraft:iron_ore":31,"minecraft:coal_ore":79,"minecraft:oak_log":10,"minecraft:deepslate_iron_ore":6,"minecraft:dirt":1,"minecraft:stone":70,"minecraft:deepslate":5,"minecraft:oak_leaves":7},"minecraft:dropped":{"minecraft:wheat_seeds":2,"minecraft:dirt":1,"minecraft:spider_eye":1,"minecraft:bone":1},"minecraft:broken":{"minecraft:stone_pickaxe":1,"minecraft:stone_axe":1,"minecraft:wooden_pickaxe":1},"minecraft:killed_by":{"minecraft:skeleton":1},"minecraft:used":{"minecraft:cooked_mutton":1,"minecraft:water_bucket":1,"minecraft:stone_pickaxe":131,"minecraft:chest":1,"minecraft:wooden_pickaxe":59,"minecraft:stone_hoe":28,"minecraft:iron_chestplate":1,"minecraft:torch":1,"minecraft:dirt":2,"minecraft:crafting_table":5,"minecraft:grass_block":1,"minecraft:bread":2,"minecraft:iron_pickaxe":11,"minecraft:stone_axe":88,"minecraft:cobblestone":5,"minecraft:furnace":2,"minecraft:cooked_porkchop":4,"minecraft:bucket":2},"minecraft:custom":{"minecraft:interact_with_furnace":31,"minecraft:mob_kills":44,"minecraft:interact_with_crafting_table":19,"minecraft:leave_game":9,"minecraft:time_since_death":34367,"minecraft:sleep_in_bed":1,"minecraft:time_since_rest":17053,"minecraft:sprint_one_cm":174333,"minecraft:damage_taken":795,"minecraft:walk_one_cm":52443,"minecraft:drop":5,"minecraft:damage_dealt":6572,"minecraft:swim_one_cm":1762,"minecraft:fly_one_cm":296984,"minecraft:open_chest":6,"minecraft:crouch_one_cm":11147,"minecraft:play_time":82542,"minecraft:deaths":2,"minecraft:sneak_time":5197,"minecraft:walk_under_water_one_cm":2043,"minecraft:jump":1246,"minecraft:walk_on_water_one_cm":2932,"minecraft:total_world_time":82542,"minecraft:fall_one_cm":47617}},"DataVersion":3839}