{"stats":{"minecraft:picked_up":{"minecraft:dirt":3},"minecraft:mined":{"minecraft:tall_grass":1,"minecraft:grass_block":3},"minecraft:used":{"minecraft:dirt":1,"minecraft:grass_block":1},"minecraft:custom":{"minecraft:jump":29,"minecraft:time_since_rest":19766,"minecraft:damage_dealt":10,"minecraft:crouch_one_cm":34,"minecraft:play_time":19766,"minecraft:leave_game":4,"minecraft:sprint_one_cm":5306,"minecraft:time_since_death":19766,"minecraft:walk_one_cm":2772,"minecraft:sneak_time":15,"minecraft:total_world_time":19766,"minecraft:fall_one_cm":1312,"minecraft:fly_one_cm":6148}},"DataVersion":3839}