{"stats":{"minecraft:custom":{"minecraft:interact_with_crafting_table":89,"minecraft:bell_ring":2,"minecraft:leave_game":16,"minecraft:time_since_death":34578,"minecraft:sprint_one_cm":1463691,"minecraft:damage_blocked_by_shield":5100,"minecraft:drop":186,"minecraft:talked_to_villager":142,"minecraft:play_time":461764,"minecraft:deaths":7,"minecraft:jump":9099,"minecraft:walk_on_water_one_cm":43767,"minecraft:enchant_item":6,"minecraft:interact_with_furnace":85,"minecraft:play_record":1,"minecraft:traded_with_villager":456,"minecraft:sleep_in_bed":12,"minecraft:damage_dealt":29515,"minecraft:crouch_one_cm":146631,"minecraft:use_cauldron":1,"minecraft:interact_with_smithing_table":2,"minecraft:mob_kills":164,"minecraft:interact_with_campfire":4,"minecraft:climb_one_cm":162,"minecraft:walk_one_cm":462191,"minecraft:sneak_time":51189,"minecraft:walk_under_water_one_cm":23438,"minecraft:boat_one_cm":571977,"minecraft:interact_with_blast_furnace":2,"minecraft:total_world_time":461764,"minecraft:interact_with_grindstone":4,"minecraft:time_since_rest":34600,"minecraft:damage_taken":5531,"minecraft:swim_one_cm":55382,"minecraft:fly_one_cm":1848351,"minecraft:open_chest":270,"minecraft:fall_one_cm":248353},"minecraft:killed_by":{"minecraft:piglin":1,"minecraft:cave_spider":1,"minecraft:zombie":1,"minecraft:player":1,"minecraft:skeleton":1},"minecraft:picked_up":{"minecraft:iron_chestplate":3,"minecraft:flower_pot":2,"minecraft:smithing_table":1,"minecraft:potion":1,"minecraft:polished_blackstone_brick_stairs":2,"minecraft:string":62,"minecraft:iron_leggings":4,"minecraft:armor_stand":2,"minecraft:diamond_leggings":2,"minecraft:gold_nugget":33,"minecraft:cobbled_deepslate":55,"minecraft:spruce_planks":19,"minecraft:iron_pickaxe":3,"minecraft:iron_boots":21,"minecraft:furnace":4,"minecraft:golden_helmet":1,"minecraft:stick":266,"minecraft:torch":23,"minecraft:porkchop":72,"minecraft:golden_axe":1,"minecraft:cherry_log":16,"minecraft:pointed_dripstone":8,"minecraft:diorite":6,"minecraft:golden_chestplate":1,"minecraft:rotten_flesh":56,"minecraft:white_terracotta":5,"minecraft:cobblestone":274,"minecraft:enchanting_table":1,"minecraft:pink_petals":1,"minecraft:leather_chestplate":1,"minecraft:water_bucket":3,"minecraft:andesite":3,"minecraft:potato":337,"minecraft:flint":20,"minecraft:tuff":18,"minecraft:dirt":478,"minecraft:lapis_lazuli":72,"minecraft:bone":21,"minecraft:stonecutter":1,"minecraft:bow":2,"minecraft:wheat_seeds":15,"minecraft:deepslate_brick_slab":3,"minecraft:raw_gold":77,"minecraft:grindstone":1,"minecraft:diamond_helmet":2,"minecraft:fletching_table":4,"minecraft:oak_planks":58,"minecraft:stone_hoe":3,"minecraft:chiseled_polished_blackstone":10,"minecraft:cooked_porkchop":17,"minecraft:poisonous_potato":1,"minecraft:sand":23,"minecraft:grass_block":1,"minecraft:diamond":28,"minecraft:spruce_boat":14,"minecraft:cracked_polished_blackstone_bricks":35,"minecraft:crossbow":1,"minecraft:granite":3,"minecraft:golden_apple":3,"minecraft:bread":64,"minecraft:emerald":1,"minecraft:oak_sapling":6,"minecraft:netherrack":683,"minecraft:crimson_roots":3,"minecraft:spruce_leaves":7,"minecraft:crafting_table":15,"minecraft:brown_mushroom":1,"minecraft:gold_block":7,"minecraft:shield":3,"minecraft:iron_axe":3,"minecraft:flint_and_steel":1,"minecraft:iron_shovel":1,"minecraft:blackstone":26,"minecraft:beef":70,"minecraft:poppy":1,"minecraft:spruce_slab":34,"minecraft:lectern":1,"minecraft:sugar_cane":181,"minecraft:egg":2,"minecraft:raw_iron":154,"minecraft:oak_door":2,"minecraft:polished_blackstone_bricks":59,"minecraft:music_disc_11":2,"minecraft:redstone":72,"minecraft:arrow":40,"minecraft:diamond_chestplate":2,"minecraft:diamond_boots":2,"minecraft:hay_block":27,"minecraft:mutton":19,"minecraft:bone_block":15,"minecraft:white_wool":13,"minecraft:glow_ink_sac":40,"minecraft:crimson_stem":14,"minecraft:leather":37,"minecraft:blackstone_slab":1,"minecraft:oak_log":43,"minecraft:chainmail_chestplate":18,"minecraft:yellow_bed":8,"minecraft:gunpowder":5,"minecraft:cobblestone_wall":2,"minecraft:iron_ingot":95,"minecraft:stone_pickaxe":3,"minecraft:book":12,"minecraft:oak_slab":13,"minecraft:sweet_berries":29,"minecraft:quartz":49,"minecraft:dandelion":2,"minecraft:gravel":196,"minecraft:spruce_sapling":203,"minecraft:spruce_log":1892,"minecraft:crying_obsidian":1,"minecraft:spider_eye":2,"minecraft:leather_helmet":3,"minecraft:slime_ball":10,"minecraft:stone_axe":3,"minecraft:chainmail_leggings":12,"minecraft:iron_helmet":4,"minecraft:gray_wool":3,"minecraft:coal":255,"minecraft:ender_pearl":3},"minecraft:dropped":{"minecraft:brown_mushroom":1,"minecraft:cooked_beef":16,"minecraft:cooked_porkchop":4,"minecraft:leather_helmet":2,"minecraft:emerald":1,"minecraft:cracked_polished_blackstone_bricks":7,"minecraft:dirt":16,"minecraft:crimson_roots":3,"minecraft:gold_nugget":2,"minecraft:polished_blackstone_bricks":1,"minecraft:iron_pickaxe":1,"minecraft:bone":5,"minecraft:oak_door":2,"minecraft:gravel":4,"minecraft:blackstone":15,"minecraft:cobbled_deepslate":1,"minecraft:rotten_flesh":20,"minecraft:oak_planks":2,"minecraft:chainmail_chestplate":33,"minecraft:leather_chestplate":1,"minecraft:quartz":1,"minecraft:netherrack":6,"minecraft:wheat_seeds":13,"minecraft:diamond_leggings":1,"minecraft:iron_helmet":2,"minecraft:granite":1,"minecraft:grass_block":1,"minecraft:diorite":2,"minecraft:diamond_helmet":1,"minecraft:iron_leggings":2,"minecraft:iron_axe":2,"minecraft:chainmail_leggings":24,"minecraft:pink_petals":1,"minecraft:dandelion":2,"minecraft:cobblestone_wall":2,"minecraft:iron_boots":28,"minecraft:deepslate_bricks":1,"minecraft:shield":1,"minecraft:flower_pot":2,"minecraft:diamond_chestplate":1,"minecraft:iron_chestplate":1,"minecraft:spider_eye":2,"minecraft:diamond_boots":1,"minecraft:spruce_log":32,"minecraft:stone_pickaxe":11},"minecraft:broken":{"minecraft:iron_shovel":3,"minecraft:stone_pickaxe":1,"minecraft:stone_axe":2,"minecraft:stone_sword":1,"minecraft:wooden_pickaxe":1,"minecraft:shield":1,"minecraft:diamond_axe":1,"minecraft:iron_axe":3,"minecraft:iron_pickaxe":1},"minecraft:killed":{"minecraft:cave_spider":1,"minecraft:zombified_piglin":1,"minecraft:spider":8,"minecraft:skeleton":15,"minecraft:piglin_brute":1,"minecraft:piglin":15,"minecraft:pig":19,"minecraft:zombie_villager":2,"minecraft:iron_golem":4,"minecraft:creeper":5,"minecraft:sheep":6,"minecraft:zombie":44,"minecraft:ghast":1,"minecraft:glow_squid":2,"minecraft:cow":29,"minecraft:slime":3,"minecraft:drowned":1,"minecraft:hoglin":4,"minecraft:enderman":2},"minecraft:used":{"minecraft:iron_shovel":728,"minecraft:spruce_slab":448,"minecraft:poppy":1,"minecraft:shield":62,"minecraft:chest":11,"minecraft:white_terracotta":5,"minecraft:iron_chestplate":1,"minecraft:deepslate_brick_slab":51,"minecraft:tuff":18,"minecraft:music_disc_11":1,"minecraft:spruce_boat":14,"minecraft:grass_block":1,"minecraft:bow":4,"minecraft:furnace":6,"minecraft:potato":90,"minecraft:diorite":4,"minecraft:stone_pickaxe":131,"minecraft:oak_planks":22,"minecraft:wooden_pickaxe":59,"minecraft:diamond_axe":1741,"minecraft:sugar_cane":62,"minecraft:bread":67,"minecraft:gravel":178,"minecraft:grindstone":2,"minecraft:smithing_table":2,"minecraft:andesite":3,"minecraft:bone_meal":9,"minecraft:enchanting_table":1,"minecraft:stone_sword":74,"minecraft:flint_and_steel":15,"minecraft:spruce_planks":10,"minecraft:stone_hoe":33,"minecraft:netherrack":233,"minecraft:torch":1,"minecraft:dirt":241,"minecraft:granite":2,"minecraft:bookshelf":15,"minecraft:iron_axe":668,"minecraft:iron_boots":1,"minecraft:cooked_beef":6,"minecraft:cobbled_deepslate":26,"minecraft:golden_axe":6,"minecraft:cooked_mutton":1,"minecraft:water_bucket":18,"minecraft:fletching_table":11,"minecraft:oak_slab":4,"minecraft:crafting_table":16,"minecraft:spruce_log":34,"minecraft:diamond_pickaxe":839,"minecraft:cracked_polished_blackstone_bricks":18,"minecraft:iron_pickaxe":665,"minecraft:spruce_sapling":99,"minecraft:stone_axe":156,"minecraft:cobblestone":60,"minecraft:porkchop":8,"minecraft:cooked_porkchop":23,"minecraft:bucket":21,"minecraft:yellow_bed":7},"minecraft:crafted":{"minecraft:grindstone":2,"minecraft:oak_planks":172,"minecraft:stone":3,"minecraft:bookshelf":15,"minecraft:cooked_mutton":8,"minecraft:bow":1,"minecraft:diamond_helmet":1,"minecraft:iron_boots":12,"minecraft:diamond_leggings":1,"minecraft:chest":11,"minecraft:stone_hoe":1,"minecraft:oak_slab":6,"minecraft:emerald":402,"minecraft:cooked_porkchop":27,"minecraft:diamond_axe":3,"minecraft:crafting_table":7,"minecraft:spruce_planks":7196,"minecraft:wooden_pickaxe":1,"minecraft:iron_helmet":2,"minecraft:smithing_table":1,"minecraft:chainmail_chestplate":15,"minecraft:fletching_table":7,"minecraft:iron_chestplate":2,"minecraft:book":32,"minecraft:paper":114,"minecraft:diamond_pickaxe":2,"minecraft:shield":4,"minecraft:stick":13740,"minecraft:stone_slab":6,"minecraft:iron_ingot":143,"minecraft:iron_pickaxe":4,"minecraft:stone_sword":1,"minecraft:gold_ingot":24,"minecraft:deepslate_bricks":80,"minecraft:furnace":3,"minecraft:bone_meal":9,"minecraft:flint_and_steel":1,"minecraft:polished_deepslate":96,"minecraft:iron_axe":4,"minecraft:spruce_slab":414,"minecraft:stone_pickaxe":11,"minecraft:diamond_boots":1,"minecraft:spruce_boat":2,"minecraft:chainmail_leggings":12,"minecraft:wheat":243,"minecraft:cooked_beef":7,"minecraft:crimson_planks":56,"minecraft:diamond_sword":1,"minecraft:deepslate_brick_slab":54,"minecraft:bucket":3,"minecraft:stone_axe":2,"minecraft:bread":64,"minecraft:air":0,"minecraft:iron_shovel":3,"minecraft:iron_leggings":2,"minecraft:diamond_chestplate":1},"minecraft:mined":{"minecraft:spruce_planks":17,"minecraft:cherry_log":17,"minecraft:granite":3,"minecraft:chiseled_polished_blackstone":10,"minecraft:grass_block":271,"minecraft:cracked_polished_blackstone_bricks":37,"minecraft:spawner":2,"minecraft:polished_blackstone_bricks":60,"minecraft:tall_seagrass":1,"minecraft:iron_ore":76,"minecraft:cobbled_deepslate":1,"minecraft:fire":17,"minecraft:fletching_table":4,"minecraft:deepslate_lapis_ore":11,"minecraft:enchanting_table":1,"minecraft:potted_dandelion":1,"minecraft:pointed_dripstone":1,"minecraft:dirt_path":14,"minecraft:oak_stairs":1,"minecraft:spruce_slab":32,"minecraft:deepslate_redstone_ore":13,"minecraft:blackstone":25,"minecraft:crimson_nylium":19,"minecraft:nether_quartz_ore":38,"minecraft:cobblestone":11,"minecraft:grindstone":1,"minecraft:sugar_cane":113,"minecraft:oak_planks":9,"minecraft:wall_torch":1,"minecraft:white_terracotta":5,"minecraft:oak_log":36,"minecraft:sand":23,"minecraft:dirt":192,"minecraft:stonecutter":1,"minecraft:netherrack":835,"minecraft:oak_leaves":21,"minecraft:deepslate":49,"minecraft:nether_gold_ore":2,"minecraft:tuff":18,"minecraft:deepslate_diamond_ore":18,"minecraft:oak_door":2,"minecraft:crimson_roots":2,"minecraft:spruce_leaves":214,"minecraft:crimson_stem":14,"minecraft:large_fern":7,"minecraft:hay_block":27,"minecraft:deepslate_brick_slab":2,"minecraft:spruce_sapling":3,"minecraft:furnace":3,"minecraft:andesite":3,"minecraft:gold_block":6,"minecraft:bookshelf":4,"minecraft:potatoes":83,"minecraft:deepslate_iron_ore":45,"minecraft:stone":115,"minecraft:bone_block":15,"minecraft:podzol":6,"minecraft:smithing_table":1,"minecraft:oak_slab":3,"minecraft:glass_pane":2,"minecraft:crafting_table":10,"minecraft:short_grass":66,"minecraft:blackstone_slab":1,"minecraft:lectern":1,"minecraft:tall_grass":18,"minecraft:deepslate_coal_ore":4,"minecraft:deepslate_gold_ore":42,"minecraft:polished_blackstone_brick_stairs":2,"minecraft:diorite":3,"minecraft:gray_wool":1,"minecraft:sweet_berry_bush":9,"minecraft:spruce_log":1895,"minecraft:yellow_bed":8,"minecraft:coal_ore":117,"minecraft:cherry_leaves":20,"minecraft:gravel":218,"minecraft:cobweb":47,"minecraft:gold_ore":6,"minecraft:fern":6}},"DataVersion":3839}