{"stats":{"minecraft:crafted":{"minecraft:oak_planks":172,"minecraft:furnace":3,"minecraft:bone_meal":9,"minecraft:cooked_mutton":8,"minecraft:flint_and_steel":1,"minecraft:diamond_helmet":1,"minecraft:diamond_leggings":1,"minecraft:iron_boots":11,"minecraft:iron_axe":2,"minecraft:stone_pickaxe":11,"minecraft:chest":9,"minecraft:diamond_boots":1,"minecraft:spruce_boat":1,"minecraft:stone_hoe":1,"minecraft:chainmail_leggings":12,"minecraft:wheat":243,"minecraft:cooked_beef":7,"minecraft:oak_slab":6,"minecraft:emerald":259,"minecraft:cooked_porkchop":27,"minecraft:diamond_axe":1,"minecraft:crafting_table":6,"minecraft:spruce_planks":4376,"minecraft:wooden_pickaxe":1,"minecraft:iron_helmet":1,"minecraft:chainmail_chestplate":15,"minecraft:smithing_table":1,"minecraft:fletching_table":4,"minecraft:bucket":1,"minecraft:stone_axe":2,"minecraft:bread":64,"minecraft:air":0,"minecraft:iron_chestplate":1,"minecraft:diamond_pickaxe":1,"minecraft:shield":2,"minecraft:stick":8791,"minecraft:iron_ingot":120,"minecraft:iron_pickaxe":2,"minecraft:stone_sword":1,"minecraft:iron_shovel":3,"minecraft:iron_leggings":1,"minecraft:diamond_chestplate":1},"minecraft:picked_up":{"minecraft:iron_chestplate":3,"minecraft:crafting_table":14,"minecraft:flower_pot":2,"minecraft:smithing_table":1,"minecraft:shield":3,"minecraft:string":62,"minecraft:iron_axe":3,"minecraft:flint_and_steel":1,"minecraft:armor_stand":2,"minecraft:iron_leggings":4,"minecraft:iron_shovel":1,"minecraft:diamond_leggings":1,"minecraft:gold_nugget":30,"minecraft:cobbled_deepslate":55,"minecraft:spruce_planks":17,"minecraft:beef":63,"minecraft:poppy":1,"minecraft:iron_pickaxe":3,"minecraft:lectern":1,"minecraft:sugar_cane":23,"minecraft:egg":2,"minecraft:furnace":4,"minecraft:iron_boots":21,"minecraft:stick":185,"minecraft:raw_iron":154,"minecraft:torch":23,"minecraft:porkchop":60,"minecraft:cherry_log":16,"minecraft:pointed_dripstone":8,"minecraft:diorite":6,"minecraft:redstone":72,"minecraft:diamond_chestplate":1,"minecraft:arrow":34,"minecraft:rotten_flesh":41,"minecraft:diamond_boots":1,"minecraft:hay_block":27,"minecraft:white_terracotta":5,"minecraft:mutton":19,"minecraft:cobblestone":274,"minecraft:white_wool":13,"minecraft:leather_chestplate":1,"minecraft:pink_petals":1,"minecraft:glow_ink_sac":40,"minecraft:water_bucket":3,"minecraft:andesite":3,"minecraft:leather":30,"minecraft:potato":10,"minecraft:flint":10,"minecraft:tuff":18,"minecraft:oak_log":43,"minecraft:chainmail_chestplate":18,"minecraft:cobblestone_wall":2,"minecraft:yellow_bed":4,"minecraft:gunpowder":5,"minecraft:lapis_lazuli":72,"minecraft:dirt":444,"minecraft:bone":11,"minecraft:stonecutter":1,"minecraft:wheat_seeds":13,"minecraft:raw_gold":77,"minecraft:stone_pickaxe":3,"minecraft:iron_ingot":91,"minecraft:diamond_helmet":1,"minecraft:fletching_table":4,"minecraft:oak_planks":57,"minecraft:stone_hoe":3,"minecraft:book":12,"minecraft:oak_slab":13,"minecraft:cooked_porkchop":17,"minecraft:sweet_berries":27,"minecraft:quartz":36,"minecraft:dandelion":2,"minecraft:gravel":98,"minecraft:sand":23,"minecraft:spruce_sapling":65,"minecraft:grass_block":1,"minecraft:spruce_log":1151,"minecraft:spider_eye":1,"minecraft:leather_helmet":1,"minecraft:slime_ball":10,"minecraft:diamond":28,"minecraft:spruce_boat":4,"minecraft:stone_axe":3,"minecraft:chainmail_leggings":12,"minecraft:iron_helmet":4,"minecraft:granite":3,"minecraft:golden_apple":2,"minecraft:gray_wool":3,"minecraft:bread":64,"minecraft:oak_sapling":6,"minecraft:netherrack":14,"minecraft:coal":255},"minecraft:killed":{"minecraft:cave_spider":1,"minecraft:spider":8,"minecraft:slime":3,"minecraft:skeleton":9,"minecraft:drowned":1,"minecraft:pig":19,"minecraft:zombie_villager":2,"minecraft:iron_golem":3,"minecraft:hoglin":1,"minecraft:creeper":5,"minecraft:sheep":6,"minecraft:zombie":39,"minecraft:glow_squid":2,"minecraft:enderman":2,"minecraft:cow":23},"minecraft:broken":{"minecraft:iron_shovel":3,"minecraft:stone_sword":1,"minecraft:wooden_pickaxe":1,"minecraft:stone_pickaxe":1,"minecraft:iron_axe":2,"minecraft:stone_axe":2,"minecraft:iron_pickaxe":1},"minecraft:dropped":{"minecraft:wheat_seeds":11,"minecraft:cooked_porkchop":4,"minecraft:diamond_leggings":1,"minecraft:iron_helmet":2,"minecraft:granite":1,"minecraft:grass_block":1,"minecraft:dirt":2,"minecraft:diorite":2,"minecraft:diamond_helmet":1,"minecraft:iron_leggings":2,"minecraft:iron_axe":1,"minecraft:chainmail_leggings":24,"minecraft:pink_petals":1,"minecraft:dandelion":2,"minecraft:bone":5,"minecraft:gravel":4,"minecraft:cobblestone_wall":2,"minecraft:rotten_flesh":5,"minecraft:iron_boots":28,"minecraft:oak_planks":1,"minecraft:chainmail_chestplate":33,"minecraft:leather_chestplate":1,"minecraft:flower_pot":2,"minecraft:diamond_chestplate":1,"minecraft:iron_chestplate":1,"minecraft:spider_eye":1,"minecraft:diamond_boots":1,"minecraft:spruce_log":32,"minecraft:stone_pickaxe":11,"minecraft:netherrack":3},"minecraft:mined":{"minecraft:nether_gold_ore":2,"minecraft:tuff":18,"minecraft:spruce_planks":15,"minecraft:deepslate_diamond_ore":18,"minecraft:cherry_log":17,"minecraft:granite":3,"minecraft:grass_block":261,"minecraft:spruce_leaves":123,"minecraft:spawner":2,"minecraft:large_fern":6,"minecraft:hay_block":27,"minecraft:tall_seagrass":1,"minecraft:spruce_sapling":3,"minecraft:furnace":3,"minecraft:fire":10,"minecraft:iron_ore":76,"minecraft:cobbled_deepslate":1,"minecraft:andesite":3,"minecraft:fletching_table":4,"minecraft:deepslate_lapis_ore":11,"minecraft:potatoes":3,"minecraft:potted_dandelion":1,"minecraft:bookshelf":4,"minecraft:pointed_dripstone":1,"minecraft:dirt_path":14,"minecraft:deepslate_iron_ore":45,"minecraft:oak_stairs":1,"minecraft:stone":115,"minecraft:smithing_table":1,"minecraft:podzol":6,"minecraft:deepslate_redstone_ore":13,"minecraft:oak_slab":3,"minecraft:glass_pane":2,"minecraft:crafting_table":9,"minecraft:short_grass":56,"minecraft:lectern":1,"minecraft:nether_quartz_ore":24,"minecraft:tall_grass":17,"minecraft:cobblestone":11,"minecraft:deepslate_coal_ore":4,"minecraft:deepslate_gold_ore":42,"minecraft:oak_planks":8,"minecraft:sugar_cane":11,"minecraft:wall_torch":1,"minecraft:diorite":3,"minecraft:white_terracotta":5,"minecraft:gray_wool":1,"minecraft:sweet_berry_bush":8,"minecraft:spruce_log":1156,"minecraft:yellow_bed":4,"minecraft:coal_ore":117,"minecraft:oak_log":36,"minecraft:cherry_leaves":20,"minecraft:sand":23,"minecraft:gravel":111,"minecraft:dirt":179,"minecraft:cobweb":47,"minecraft:stonecutter":1,"minecraft:netherrack":11,"minecraft:gold_ore":6,"minecraft:oak_leaves":21,"minecraft:deepslate":49,"minecraft:fern":3},"minecraft:killed_by":{"minecraft:player":1,"minecraft:cave_spider":1,"minecraft:skeleton":1,"minecraft:zombie":1},"minecraft:used":{"minecraft:stone_sword":74,"minecraft:iron_shovel":604,"minecraft:flint_and_steel":11,"minecraft:poppy":1,"minecraft:spruce_planks":8,"minecraft:chest":9,"minecraft:shield":35,"minecraft:white_terracotta":5,"minecraft:stone_hoe":33,"minecraft:netherrack":1,"minecraft:iron_chestplate":1,"minecraft:torch":1,"minecraft:dirt":122,"minecraft:tuff":18,"minecraft:granite":2,"minecraft:spruce_boat":4,"minecraft:iron_axe":452,"minecraft:grass_block":1,"minecraft:iron_boots":1,"minecraft:furnace":6,"minecraft:potato":9,"minecraft:cobbled_deepslate":26,"minecraft:cooked_mutton":1,"minecraft:water_bucket":12,"minecraft:diorite":4,"minecraft:stone_pickaxe":131,"minecraft:oak_planks":22,"minecraft:wooden_pickaxe":59,"minecraft:diamond_axe":974,"minecraft:fletching_table":8,"minecraft:sugar_cane":22,"minecraft:oak_slab":4,"minecraft:crafting_table":15,"minecraft:spruce_log":25,"minecraft:bread":36,"minecraft:iron_pickaxe":404,"minecraft:gravel":88,"minecraft:spruce_sapling":31,"minecraft:stone_axe":156,"minecraft:cobblestone":60,"minecraft:smithing_table":2,"minecraft:cooked_porkchop":23,"minecraft:andesite":3,"minecraft:bucket":13,"minecraft:yellow_bed":3,"minecraft:bone_meal":9},"minecraft:custom":{"minecraft:interact_with_smithing_table":2,"minecraft:mob_kills":125,"minecraft:interact_with_crafting_table":49,"minecraft:interact_with_campfire":4,"minecraft:bell_ring":2,"minecraft:leave_game":14,"minecraft:time_since_death":133116,"minecraft:sprint_one_cm":895295,"minecraft:walk_one_cm":289624,"minecraft:damage_blocked_by_shield":2805,"minecraft:drop":150,"minecraft:talked_to_villager":99,"minecraft:play_time":289069,"minecraft:deaths":5,"minecraft:sneak_time":30180,"minecraft:walk_under_water_one_cm":11398,"minecraft:boat_one_cm":41285,"minecraft:jump":6047,"minecraft:interact_with_blast_furnace":2,"minecraft:walk_on_water_one_cm":20263,"minecraft:total_world_time":289069,"minecraft:interact_with_furnace":70,"minecraft:traded_with_villager":310,"minecraft:sleep_in_bed":10,"minecraft:time_since_rest":23615,"minecraft:damage_taken":3717,"minecraft:damage_dealt":20999,"minecraft:swim_one_cm":39818,"minecraft:fly_one_cm":1275639,"minecraft:open_chest":90,"minecraft:crouch_one_cm":82303,"minecraft:fall_one_cm":178415}},"DataVersion":3839}