{"stats":{"minecraft:custom":{"minecraft:time_since_rest":7114,"minecraft:interact_with_furnace":7,"minecraft:sprint_one_cm":89738,"minecraft:damage_taken":725,"minecraft:walk_one_cm":30179,"minecraft:mob_kills":32,"minecraft:drop":4,"minecraft:damage_dealt":4224,"minecraft:interact_with_crafting_table":8,"minecraft:fly_one_cm":126719,"minecraft:crouch_one_cm":5656,"minecraft:play_time":55269,"minecraft:deaths":2,"minecraft:sneak_time":2474,"minecraft:jump":555,"minecraft:leave_game":8,"minecraft:time_since_death":7094,"minecraft:total_world_time":55269,"minecraft:fall_one_cm":23329},"minecraft:killed_by":{"minecraft:skeleton":1},"minecraft:used":{"minecraft:grass_block":1,"minecraft:bread":2,"minecraft:stone_pickaxe":33,"minecraft:wooden_pickaxe":59,"minecraft:stone_axe":53,"minecraft:torch":1,"minecraft:dirt":2,"minecraft:crafting_table":2,"minecraft:furnace":1,"minecraft:cooked_porkchop":2},"minecraft:crafted":{"minecraft:oak_planks":20,"minecraft:cooked_porkchop":13,"minecraft:crafting_table":1,"minecraft:stick":8,"minecraft:wooden_pickaxe":1,"minecraft:stone_pickaxe":1,"minecraft:furnace":1,"minecraft:stone_axe":1,"minecraft:air":0},"minecraft:broken":{"minecraft:wooden_pickaxe":1},"minecraft:picked_up":{"minecraft:stick":4,"minecraft:crafting_table":3,"minecraft:leather":7,"minecraft:porkchop":47,"minecraft:oak_log":5,"minecraft:gunpowder":3,"minecraft:spider_eye":1,"minecraft:dirt":5,"minecraft:bone":2,"minecraft:arrow":6,"minecraft:rotten_flesh":7,"minecraft:stone_axe":2,"minecraft:wheat_seeds":2,"minecraft:beef":15,"minecraft:stone_pickaxe":2,"minecraft:sugar_cane":2,"minecraft:oak_planks":18,"minecraft:mutton":11,"minecraft:coal":93,"minecraft:white_wool":7,"minecraft:cobblestone":168},"minecraft:killed":{"minecraft:sheep":3,"minecraft:skeleton":2,"minecraft:zombie":4,"minecraft:pig":14,"minecraft:drowned":1,"minecraft:spider":1,"minecraft:creeper":3,"minecraft:cow":4},"minecraft:mined":{"minecraft:crafting_table":1,"minecraft:short_grass":25,"minecraft:oak_log":5,"minecraft:grass_block":4,"minecraft:coal_ore":31,"minecraft:dirt":1,"minecraft:tall_grass":1,"minecraft:stone":60,"minecraft:sugar_cane":2,"minecraft:oak_leaves":7},"minecraft:dropped":{"minecraft:dirt":1,"minecraft:wheat_seeds":2,"minecraft:spider_eye":1}},"DataVersion":3839}